<?xml version="1.0" encoding="UTF-8"?>
<project-private xmlns="http://www.netbeans.org/ns/project-private/1">
    <editor-bookmarks xmlns="http://www.netbeans.org/ns/editor-bookmarks/2" lastBookmarkId="0"/>
    <open-files xmlns="http://www.netbeans.org/ns/projectui-open-files/2">
        <group name="LAB211HT">
            <file>file:/F:/Spring23/LAB211/Lab_HT/LAB211HT/J1.S.P0001/src/controller/BubbleSortController.java</file>
            <file>file:/F:/Spring23/LAB211/Lab_HT/LAB211HT/J1.S.P0001/src/Main.java</file>
        </group>
    </open-files>
</project-private>
